lat,lon,pop,land_name,class1,land_dist,filename,filesize
54.078631,9.941355,0.0,airports,8,[0  0  0  0  0  0  0  0  1.0  0  0  0  0  0  0  0  0  0  0  0  0  0  0  0  0  0  0] ,54.078631_9.941355.jpg,6490
54.053669,10.053316,5.30413899962,arable_land_annual_crops,14,[0  0  0  0  0  0  0  0  0  0  0  0  0  0  1.0  0  0  0  0  0  0  0  0  0  0  0  0] ,54.053669_10.053316.jpg,7956
54.055940,10.051787,9.55636514036,arable_land_annual_crops,14,[0  0  0  0  0  0  0  0  0  0  0  0  0  0  1.0  0  0  0  0  0  0  0  0  0  0  0  0] ,54.055940_10.051787.jpg,7158
54.056281,10.054177,9.55636514036,arable_land_annual_crops,14,[0  0  0  0  0  0  0  0  0  0  0  0  0  0  1.0  0  0  0  0  0  0  0  0  0  0  0  0] ,54.056281_10.054177.jpg,6437
54.056913,10.034586,9.55636514036,arable_land_annual_crops,14,[0  0  0  0  0  0  0  0  0  0  0  0  0  0  1.0  0  0  0  0  0  0  0  0  0  0  0  0] ,54.056913_10.034586.jpg,6554
54.051664,10.042979,9.55636514036,arable_land_annual_crops,14,[0  0  0  0  0  0  0  0  0  0  0  0  0  0  1.0  0  0  0  0  0  0  0  0  0  0  0  0] ,54.051664_10.042979.jpg,7062
54.052805,10.045995,9.55636514036,arable_land_annual_crops,14,[0  0  0  0  0  0  0  0  0  0  0  0  0  0  1.0  0  0  0  0  0  0  0  0  0  0  0  0] ,54.052805_10.045995.jpg,8972
54.055411,10.053983,9.55636514036,arable_land_annual_crops,14,[0  0  0  0  0  0  0  0  0  0  0  0  0  0  1.0  0  0  0  0  0  0  0  0  0  0  0  0] ,54.055411_10.053983.jpg,6346
54.049523,10.043711,11.2978629578,arable_land_annual_crops,14,[0  0.000683217950623  0  0  0  0  0  0  0  0  0  0  0  0  0.999316782049  0  0  0  0  0  0  0  0  0  0  0  0] ,54.049523_10.043711.jpg,7419
54.056809,10.034828,9.55636514036,arable_land_annual_crops,14,[0  0  0  0  0  0  0  0  0  0  0  0  0  0  1.0  0  0  0  0  0  0  0  0  0  0  0  0] ,54.056809_10.034828.jpg,6613
54.052537,10.043999,9.55636514036,arable_land_annual_crops,14,[0  0  0  0  0  0  0  0  0  0  0  0  0  0  1.0  0  0  0  0  0  0  0  0  0  0  0  0] ,54.052537_10.043999.jpg,7616
54.054731,10.042547,9.55636514036,arable_land_annual_crops,14,[0  0  0  0  0  0  0  0  0  0  0  0  0  0  1.0  0  0  0  0  0  0  0  0  0  0  0  0] ,54.054731_10.042547.jpg,7097
54.071566,10.024944,36.7398982233,arable_land_annual_crops,14,[0  0  0  0  0  0  0  0  0  0  0  0  0  0  1.0  0  0  0  0  0  0  0  0  0  0  0  0] ,54.071566_10.024944.jpg,6477
54.069109,10.025186,36.7398982233,arable_land_annual_crops,14,[0  0  0  0  0  0  0  0  0  0  0  0  0  0  1.0  0  0  0  0  0  0  0  0  0  0  0  0] ,54.069109_10.025186.jpg,6518
54.069526,10.020899,64.5213019606,arable_land_annual_crops,14,[0  0.00661455642096  0  0  0  0  0  0  0  0  0  0  0  0  0.993385443579  0  0  0  0  0  0  0  0  0  0  0  0] ,54.069526_10.020899.jpg,9066
54.069784,10.022226,36.7398982233,arable_land_annual_crops,14,[0  0  0  0  0  0  0  0  0  0  0  0  0  0  1.0  0  0  0  0  0  0  0  0  0  0  0  0] ,54.069784_10.022226.jpg,7412
54.071925,10.031046,676.618077911,arable_land_annual_crops,14,[0  0  0  0  0  0  0  0  0  0  0  0  0  0  1.0  0  0  0  0  0  0  0  0  0  0  0  0] ,54.071925_10.031046.jpg,9142
54.069245,10.022503,36.7398982233,arable_land_annual_crops,14,[0  0  0  0  0  0  0  0  0  0  0  0  0  0  1.0  0  0  0  0  0  0  0  0  0  0  0  0] ,54.069245_10.022503.jpg,6985
54.071103,10.025694,36.7398982233,arable_land_annual_crops,14,[0  0  0  0  0  0  0  0  0  0  0  0  0  0  1.0  0  0  0  0  0  0  0  0  0  0  0  0] ,54.071103_10.025694.jpg,7430
54.068172,10.027014,36.7398982233,arable_land_annual_crops,14,[0  0  0  0  0  0  0  0  0  0  0  0  0  0  1.0  0  0  0  0  0  0  0  0  0  0  0  0] ,54.068172_10.027014.jpg,7364
54.112964,10.007408,6.54510858517,arable_land_annual_crops,14,[0  0  0  0  0  0  0  0  0  0  0  0  0  0  0.99484544151  0  0.00515455848953  0  0  0  0  0  0  0  0  0  0] ,54.112964_10.007408.jpg,8465
54.119361,10.006222,4.57070713676,arable_land_annual_crops,14,[0  0  0  0  0  0  0  0  0  0  0  0  0  0  1.0  0  0  0  0  0  0  0  0  0  0  0  0] ,54.119361_10.006222.jpg,7701
54.119740,10.012296,6.17086605157,arable_land_annual_crops,14,[0  0  0  0  0  0  0  0  0  0  0  0  0  0  1.0  0  0  0  0  0  0  0  0  0  0  0  0] ,54.119740_10.012296.jpg,6101
54.114935,10.004277,6.17086605157,arable_land_annual_crops,14,[0  0  0  0  0  0  0  0  0  0  0  0  0  0  1.0  0  0  0  0  0  0  0  0  0  0  0  0] ,54.114935_10.004277.jpg,9473
54.114360,10.006204,6.17086605157,arable_land_annual_crops,14,[0  0  0  0  0  0  0  0  0  0  0  0  0  0  1.0  0  0  0  0  0  0  0  0  0  0  0  0] ,54.114360_10.006204.jpg,8657
54.106148,10.014147,5.59210327564,arable_land_annual_crops,14,[0  0  0  0  0  0  0  0  0  0  0  0  0  0  1.0  0  0  0  0  0  0  0  0  0  0  0  0] ,54.106148_10.014147.jpg,8432
54.037918,9.997757,7.38906149249,arable_land_annual_crops,14,[0  0  0  0  0  0  0  0  0  0  0  0  0  0  1.0  0  0  0  0  0  0  0  0  0  0  0  0] ,54.037918_9.997757.jpg,9158
54.034686,9.994894,7.38906149249,arable_land_annual_crops,14,[0  0  0  0  0  0  0  0  0  0  0  0  0  0  1.0  0  0  0  0  0  0  0  0  0  0  0  0] ,54.034686_9.994894.jpg,7491
54.027195,9.968088,4.51798622831,arable_land_annual_crops,14,[0  0  0  0  0  0  0  0  0  0  0  0  0  0  1.0  0  0  0  0  0  0  0  0  0  0  0  0] ,54.027195_9.968088.jpg,7420
54.109094,9.978654,48.6497096649,arable_land_annual_crops,14,[0  0  0  0  0  0  0  0  0  0  0  0  0  0  1.0  0  0  0  0  0  0  0  0  0  0  0  0] ,54.109094_9.978654.jpg,11197
54.122534,9.974856,2.99645088452,arable_land_annual_crops,14,[0  0  0  0  0  0  0  0  0  0  0  0  0  0  1.0  0  0  0  0  0  0  0  0  0  0  0  0] ,54.122534_9.974856.jpg,9638
54.118497,9.962248,2.66749571297,arable_land_annual_crops,14,[0  0  0  0  0  0  0  0  0  0  0  0  0  0  1.0  0  0  0  0  0  0  0  0  0  0  0  0] ,54.118497_9.962248.jpg,8918
54.114283,9.978934,499.737778042,arable_land_annual_crops,14,[0  0  0  0  0  0  0  0  0  0  0  0  0  0  1.0  0  0  0  0  0  0  0  0  0  0  0  0] ,54.114283_9.978934.jpg,9666
54.121672,9.976440,2.99645088452,arable_land_annual_crops,14,[0  0  0  0  0  0  0  0  0  0  0  0  0  0  1.0  0  0  0  0  0  0  0  0  0  0  0  0] ,54.121672_9.976440.jpg,7721
54.114952,9.967204,2.99645088452,arable_land_annual_crops,14,[0  0  0  0  0  0  0  0  0  0  0  0  0  0  1.0  0  0  0  0  0  0  0  0  0  0  0  0] ,54.114952_9.967204.jpg,8884
54.113317,9.976328,2.99645088452,arable_land_annual_crops,14,[0  0  0  0  0  0  0  0  0  0  0  0  0  0  1.0  0  0  0  0  0  0  0  0  0  0  0  0] ,54.113317_9.976328.jpg,10019
54.120411,9.979721,45.9806401488,arable_land_annual_crops,14,[0  0  0  0  0  0  0  0  0  0  0  0  0  0  1.0  0  0  0  0  0  0  0  0  0  0  0  0] ,54.120411_9.979721.jpg,7010
54.122153,9.972622,2.95996499037,arable_land_annual_crops,14,[0  0  0  0  0  0  0  0  0  0  0  0  0  0  1.0  0  0  0  0  0  0  0  0  0  0  0  0] ,54.122153_9.972622.jpg,9611
54.122987,9.974094,2.95365540416,arable_land_annual_crops,14,[0  0  0  0  0  0  0  0  0  0  0  0  0  0  1.0  0  0  0  0  0  0  0  0  0  0  0  0] ,54.122987_9.974094.jpg,9960
54.128838,9.962102,2.0149481896,arable_land_annual_crops,14,[0  0  0  0  0  0  0  0  0  0  0  0  0  0  1.0  0  0  0  0  0  0  0  0  0  0  0  0] ,54.128838_9.962102.jpg,6055
54.122469,9.970132,2.31036140874,arable_land_annual_crops,14,[0  0  0  0  0  0  0  0  0  0  0  0  0  0  1.0  0  0  0  0  0  0  0  0  0  0  0  0] ,54.122469_9.970132.jpg,7283
54.134172,9.968567,2.01655306783,arable_land_annual_crops,14,[0  0  0  0  0  0  0  0  0  0  0  0  0  0  1.0  0  0  0  0  0  0  0  0  0  0  0  0] ,54.134172_9.968567.jpg,9123
54.124613,9.971745,2.01655306783,arable_land_annual_crops,14,[0  0  0  0  0  0  0  0  0  0  0  0  0  0  1.0  0  0  0  0  0  0  0  0  0  0  0  0] ,54.124613_9.971745.jpg,7156
54.131387,9.962109,2.01655306783,arable_land_annual_crops,14,[0  0  0  0  0  0  0  0  0  0  0  0  0  0  1.0  0  0  0  0  0  0  0  0  0  0  0  0] ,54.131387_9.962109.jpg,6642
54.135144,9.972001,1.96252985215,arable_land_annual_crops,14,[0  0  0  0  0  0  0  0  0  0  0  0  0  0  1.0  0  0  0  0  0  0  0  0  0  0  0  0] ,54.135144_9.972001.jpg,8677
54.133854,9.969097,2.01655306783,arable_land_annual_crops,14,[0  0  0  0  0  0  0  0  0  0  0  0  0  0  1.0  0  0  0  0  0  0  0  0  0  0  0  0] ,54.133854_9.969097.jpg,8843
54.125378,9.966364,2.01655306783,arable_land_annual_crops,14,[0  0  0  0  0  0  0  0  0  0  0  0  0  0  1.0  0  0  0  0  0  0  0  0  0  0  0  0] ,54.125378_9.966364.jpg,8446
54.123201,9.956471,1.66263519363,arable_land_annual_crops,14,[0  0  0  0  0  0  0  0  0  0  0  0  0  0  1.0  0  0  0  0  0  0  0  0  0  0  0  0] ,54.123201_9.956471.jpg,6777
54.124829,9.955179,1.15388708919,arable_land_annual_crops,14,[0  0  0  0  0  0  0  0  0  0  0  0  0  0  1.0  0  0  0  0  0  0  0  0  0  0  0  0] ,54.124829_9.955179.jpg,9461
54.129591,9.961723,2.01655306783,arable_land_annual_crops,14,[0  0  0  0  0  0  0  0  0  0  0  0  0  0  1.0  0  0  0  0  0  0  0  0  0  0  0  0] ,54.129591_9.961723.jpg,6650
54.131606,9.972677,1.21299770618,arable_land_annual_crops,14,[0  0  0  0  0  0  0  0  0  0  0  0  0  0  1.0  0  0  0  0  0  0  0  0  0  0  0  0] ,54.131606_9.972677.jpg,8065
54.118627,9.960352,1.5384184377,arable_land_annual_crops,14,[0  0  0  0  0  0  0  0  0  0  0  0  0  0  1.0  0  0  0  0  0  0  0  0  0  0  0  0] ,54.118627_9.960352.jpg,11281
54.129136,9.963397,1.414248707,arable_land_annual_crops,14,[0  0  0  0  0  0  0  0  0  0  0  0  0  0  1.0  0  0  0  0  0  0  0  0  0  0  0  0] ,54.129136_9.963397.jpg,7354
54.124817,9.955403,1.46178598998,arable_land_annual_crops,14,[0  0  0  0  0  0  0  0  0  0  0  0  0  0  1.0  0  0  0  0  0  0  0  0  0  0  0  0] ,54.124817_9.955403.jpg,9550
54.098683,9.933578,0.0,arable_land_annual_crops,14,[0  0  0  0  0  0  0  0  0  0  0  0  0  0  1.0  0  0  0  0  0  0  0  0  0  0  0  0] ,54.098683_9.933578.jpg,7984
54.103488,9.959164,1.97803304261,arable_land_annual_crops,14,[0  0  0  0  0  0  0  0  0  0  0  0  0  0  1.0  0  0  0  0  0  0  0  0  0  0  0  0] ,54.103488_9.959164.jpg,7563
54.024943,9.946923,0.0,arable_land_annual_crops,14,[0  0  0  0  0  0  0  0  0  0  0  0  0  0  1.0  0  0  0  0  0  0  0  0  0  0  0  0] ,54.024943_9.946923.jpg,5400
54.023991,9.946109,0.0,arable_land_annual_crops,14,[0  0  0  0  0  0  0  0  0  0  0  0  0  0  1.0  0  0  0  0  0  0  0  0  0  0  0  0] ,54.023991_9.946109.jpg,3969
54.026983,9.954921,8.97564195251,arable_land_annual_crops,14,[0  0  0  0  0  0  0  0  0  0  0  0  0  0  1.0  0  0  0  0  0  0  0  0  0  0  0  0] ,54.026983_9.954921.jpg,8019
54.020092,9.958653,1.16168402284,arable_land_annual_crops,14,[0  0  0  0  0  0  0  0  0  0  0  0  0  0  1.0  0  0  0  0  0  0  0  0  0  0  0  0] ,54.020092_9.958653.jpg,8444
54.022680,9.968347,1.15992744032,arable_land_annual_crops,14,[0  0  0  0  0  0  0  0  0  0  0  0  0  0  1.0  0  0  0  0  0  0  0  0  0  0  0  0] ,54.022680_9.968347.jpg,6197
54.019365,9.963372,1.16168402284,arable_land_annual_crops,14,[0  0  0  0  0  0  0  0  0  0  0  0  0  0  1.0  0  0  0  0  0  0  0  0  0  0  0  0] ,54.019365_9.963372.jpg,5008
54.019588,9.950697,1.16168402284,arable_land_annual_crops,14,[0  0  0  0  0  0  0  0  0  0  0  0  0  0  1.0  0  0  0  0  0  0  0  0  0  0  0  0] ,54.019588_9.950697.jpg,4682
54.026118,9.963454,1.16168402284,arable_land_annual_crops,14,[0  0  0  0  0  0  0  0  0  0  0  0  0  0  1.0  0  0  0  0  0  0  0  0  0  0  0  0] ,54.026118_9.963454.jpg,6224
54.020090,9.959410,1.16168402284,arable_land_annual_crops,14,[0  0  0  0  0  0  0  0  0  0  0  0  0  0  1.0  0  0  0  0  0  0  0  0  0  0  0  0] ,54.020090_9.959410.jpg,8601
54.026548,9.963300,4.68648271579,arable_land_annual_crops,14,[0  0  0  0  0  0  0  0  0  0  0  0  0  0  1.0  0  0  0  0  0  0  0  0  0  0  0  0] ,54.026548_9.963300.jpg,7054
54.093788,9.940889,124.426591484,arable_land_annual_crops,14,[0  0  0  0  0  0  0  0  0  0  0  0  0.00087307910893  0  0.999126920891  0  0  0  0  0  0  0  0  0  0  0  0] ,54.093788_9.940889.jpg,9239
54.092937,9.937768,4.69004034791,arable_land_annual_crops,14,[0  0  0  0  0  0  0  0  0  0  0  0  0  0  1.0  0  0  0  0  0  0  0  0  0  0  0  0] ,54.092937_9.937768.jpg,8407
54.040473,10.029108,0.0,arable_land_annual_crops,14,[0  0  0  0  0  0  0  0  0  0  0  0  0  0  1.0  0  0  0  0  0  0  0  0  0  0  0  0] ,54.040473_10.029108.jpg,5979
54.046985,10.035876,35.6666832977,arable_land_annual_crops,14,[0  0  0  0  0  0  0  0  0  0  0  0  0  0  1.0  0  0  0  0  0  0  0  0  0  0  0  0] ,54.046985_10.035876.jpg,8363
54.054457,10.045259,9.55636514036,arable_land_annual_crops,14,[0  0  0  0  0  0  0  0  0  0  0  0  0  0  1.0  0  0  0  0  0  0  0  0  0  0  0  0] ,54.054457_10.045259.jpg,7536
54.069299,10.025832,36.7398982233,arable_land_annual_crops,14,[0  0  0  0  0  0  0  0  0  0  0  0  0  0  1.0  0  0  0  0  0  0  0  0  0  0  0  0] ,54.069299_10.025832.jpg,7268
54.074615,10.026294,56.1520537751,arable_land_annual_crops,14,[0  0  0  0  0  0  0  0  0  0  0  0  0  0  1.0  0  0  0  0  0  0  0  0  0  0  0  0] ,54.074615_10.026294.jpg,8194
54.094350,10.021061,0.0,arable_land_annual_crops,14,[0  0  0  0  0  0  0  0  0  0  0  0  0  0  1.0  0  0  0  0  0  0  0  0  0  0  0  0] ,54.094350_10.021061.jpg,6166
54.109202,10.011127,0.0,arable_land_annual_crops,14,[0  0  0  0  0  0  0  0  0  0  0  0  0  0  1.0  0  0  0  0  0  0  0  0  0  0  0  0] ,54.109202_10.011127.jpg,6403
54.113444,10.018776,0.0,arable_land_annual_crops,14,[0  0  0  0  0  0  0  0  0  0  0  0  0  0  1.0  0  0  0  0  0  0  0  0  0  0  0  0] ,54.113444_10.018776.jpg,7151
54.116171,10.016086,0.0,arable_land_annual_crops,14,[0  0  0  0  0  0  0  0  0  0  0  0  0  0  1.0  0  0  0  0  0  0  0  0  0  0  0  0] ,54.116171_10.016086.jpg,6533
54.116066,10.007066,2.36532070711,arable_land_annual_crops,14,[0  0  0  0  0  0  0  0  0  0  0  0  0  0  1.0  0  0  0  0  0  0  0  0  0  0  0  0] ,54.116066_10.007066.jpg,6545
54.123434,10.001630,0.000844370258844,arable_land_annual_crops,14,[0  0  0  0  0  0  0  0  0  0  0  0  0  0  1.0  0  0  0  0  0  0  0  0  0  0  0  0] ,54.123434_10.001630.jpg,7323
54.095201,10.009675,91.8418831027,arable_land_annual_crops,14,[0  0  0  0  0  0  0  0  0  0  0  0  0  0  1.0  0  0  0  0  0  0  0  0  0  0  0  0] ,54.095201_10.009675.jpg,7541
54.105737,10.009550,39.8663548944,arable_land_annual_crops,14,[0  0  0  0  0  0  0  0  0  0  0  0  0  0  1.0  0  0  0  0  0  0  0  0  0  0  0  0] ,54.105737_10.009550.jpg,5605
54.106181,10.016524,0.0,arable_land_annual_crops,14,[0  0  0  0  0  0  0  0  0  0  0  0  0  0  1.0  0  0  0  0  0  0  0  0  0  0  0  0] ,54.106181_10.016524.jpg,8000
54.043592,10.011855,52.401234011,arable_land_annual_crops,14,[0  0  0  0  0  0  0  0  0  0  0  0  0  0  1.0  0  0  0  0  0  0  0  0  0  0  0  0] ,54.043592_10.011855.jpg,6257
54.046444,10.017269,357.789521482,arable_land_annual_crops,14,[0  0  0  0  0  0  0  0  0  0  0  0  0  0  1.0  0  0  0  0  0  0  0  0  0  0  0  0] ,54.046444_10.017269.jpg,7691
54.147356,9.989137,10.1245954561,arable_land_annual_crops,14,[0  0  0  0  0  0  0  0  0  0  0  0  0  0  1.0  0  0  0  0  0  0  0  0  0  0  0  0] ,54.147356_9.989137.jpg,4909
54.028093,9.969944,4.55566516845,arable_land_annual_crops,14,[0  0  0  0  0  0  0  0  0  0  0  0  0  0  1.0  0  0  0  0  0  0  0  0  0  0  0  0] ,54.028093_9.969944.jpg,5984
54.107845,9.979652,48.6497096649,arable_land_annual_crops,14,[0  0  0  0  0  0  0  0  0  0  0  0  0  0  1.0  0  0  0  0  0  0  0  0  0  0  0  0] ,54.107845_9.979652.jpg,10244
54.126603,9.966040,2.06432999693,arable_land_annual_crops,14,[0  0  0  0  0  0  0  0  0  0  0  0  0  0  0.994516687769  0  0.00548331223107  0  0  0  0  0  0  0  0  0  0] ,54.126603_9.966040.jpg,8030
54.128866,9.980555,40.9073116736,arable_land_annual_crops,14,[0  0  0  0  0  0  0  0  0  0  0  0  0  0  1.0  0  0  0  0  0  0  0  0  0  0  0  0] ,54.128866_9.980555.jpg,7361
54.061697,9.937994,92.172106411,arable_land_annual_crops,14,[0  0  0  0  0  0  0  0  0  0  0  0  0  0  1.0  0  0  0  0  0  0  0  0  0  0  0  0] ,54.061697_9.937994.jpg,8283
54.100071,9.954128,6.80976245908,arable_land_annual_crops,14,[0  0  0  0  0  0  0  0  0  0  0  0  0  0  1.0  0  0  0  0  0  0  0  0  0  0  0  0] ,54.100071_9.954128.jpg,8990
54.100653,9.933472,0.0,arable_land_annual_crops,14,[0  0  0  0  0  0  0  0  0  0  0  0  0  0  1.0  0  0  0  0  0  0  0  0  0  0  0  0] ,54.100653_9.933472.jpg,6674
54.114022,9.945482,0.0,arable_land_annual_crops,14,[0  0  0  0  0  0  0  0  0  0  0  0  0  0  1.0  0  0  0  0  0  0  0  0  0  0  0  0] ,54.114022_9.945482.jpg,6420
54.115243,9.959463,0.0,arable_land_annual_crops,14,[0  0  0  0  0  0  0  0  0  0  0  0  0  0  1.0  0  0  0  0  0  0  0  0  0  0  0  0] ,54.115243_9.959463.jpg,9999
54.118495,9.955196,0.0,arable_land_annual_crops,14,[0  0  0  0  0  0  0  0  0  0  0  0  0  0  1.0  0  0  0  0  0  0  0  0  0  0  0  0] ,54.118495_9.955196.jpg,8017
54.023713,9.948513,0.0,arable_land_annual_crops,14,[0  0  0  0  0  0  0  0  0  0  0  0  0  0  1.0  0  0  0  0  0  0  0  0  0  0  0  0] ,54.023713_9.948513.jpg,4481
54.023654,9.958952,1.54781366384,arable_land_annual_crops,14,[0  0  0  0  0  0  0  0  0  0  0  0  0  0  1.0  0  0  0  0  0  0  0  0  0  0  0  0] ,54.023654_9.958952.jpg,8703
54.035536,9.949777,49.3214956398,arable_land_annual_crops,14,[0  0  0  0  0  0  0  0  0  0  0  0  0  0  0.995958888526  0  0.00404111147369  0  0  0  0  0  0  0  0  0  0] ,54.035536_9.949777.jpg,8253
54.088684,9.936794,4.91555107,arable_land_annual_crops,14,[0  0  0  0  0  0  0  0  0  0  0  0  0  0  1.0  0  0  0  0  0  0  0  0  0  0  0  0] ,54.088684_9.936794.jpg,7082
54.094614,9.951396,26.0612611329,arable_land_annual_crops,14,[0  0  0  0  0  0  0  0  0  0  0  0  0  0  1.0  0  0  0  0  0  0  0  0  0  0  0  0] ,54.094614_9.951396.jpg,6246
54.037197,9.991893,0.300581347245,pastures,16,[0  0  0  0  0  0  0  0  0  0  0  0  0  0  0  0  1.0  0  0  0  0  0  0  0  0  0  0] ,54.037197_9.991893.jpg,4778
54.076263,10.023089,74.7541567822,pastures,16,[0  0  0  0  0  0  0  0  0  0  0  0  0  0  0  0  1.0  0  0  0  0  0  0  0  0  0  0] ,54.076263_10.023089.jpg,5211
54.108335,9.999165,58.6746891991,pastures,16,[0  0  0  0  0  0  0  0  0  0  0  0  0  0  0  0  1.0  0  0  0  0  0  0  0  0  0  0] ,54.108335_9.999165.jpg,7902
54.110238,10.002609,78.7750540444,pastures,16,[0  0  0  0  0  0  0  0  0  0  0  0  0  0  0  0  1.0  0  0  0  0  0  0  0  0  0  0] ,54.110238_10.002609.jpg,8629
54.089858,10.021337,21.7565250851,pastures,16,[0  0  0  0  0  0  0  0  0  0  0  0  0  0  0  0  1.0  0  0  0  0  0  0  0  0  0  0] ,54.089858_10.021337.jpg,8065
54.095511,10.018065,23.5409564229,pastures,16,[0  0  0  0  0  0  0  0  0  0  0  0  0  0  0.00207218690448  0  0.997927813096  0  0  0  0  0  0  0  0  0  0] ,54.095511_10.018065.jpg,6022
54.096055,10.016499,23.5898389783,pastures,16,[0  0  0  0  0  0  0  0  0  0  0  0  0  0  0  0  1.0  0  0  0  0  0  0  0  0  0  0] ,54.096055_10.016499.jpg,6822
54.096362,10.018062,23.5898389783,pastures,16,[0  0  0  0  0  0  0  0  0  0  0  0  0  0  0  0  1.0  0  0  0  0  0  0  0  0  0  0] ,54.096362_10.018062.jpg,6140
54.106485,10.021208,96.1049214257,pastures,16,[0  0  0  0  0  0  0  0  0  0  0  0  0  0  0  0  1.0  0  0  0  0  0  0  0  0  0  0] ,54.106485_10.021208.jpg,7141
54.079556,10.007826,496.292562992,pastures,16,[0  0  0  0  0  0  0  0  0  0  0  0  0  0  0  0  1.0  0  0  0  0  0  0  0  0  0  0] ,54.079556_10.007826.jpg,11682
54.039099,9.977496,0.220683169191,pastures,16,[0  0  0  0  0  0  0  0  0  0  0  0  0  0  0  0  1.0  0  0  0  0  0  0  0  0  0  0] ,54.039099_9.977496.jpg,8046
54.031954,10.003861,0.300581347245,pastures,16,[0  0  0  0  0  0  0  0  0  0  0  0  0  0  0  0  1.0  0  0  0  0  0  0  0  0  0  0] ,54.031954_10.003861.jpg,5982
54.026752,9.989864,0.300581347245,pastures,16,[0  0  0  0  0  0  0  0  0  0  0  0  0  0  0  0  1.0  0  0  0  0  0  0  0  0  0  0] ,54.026752_9.989864.jpg,8970
54.036190,9.964324,3.70689105685,pastures,16,[0  0  0  0  0  0  0  0  0  0  0  0  0  0  0  0  1.0  0  0  0  0  0  0  0  0  0  0] ,54.036190_9.964324.jpg,7596
54.024905,9.991972,0.300581347245,pastures,16,[0  0  0  0  0  0  0  0  0  0  0  0  0  0  0  0  1.0  0  0  0  0  0  0  0  0  0  0] ,54.024905_9.991972.jpg,6348
54.037128,9.981125,0.238806166982,pastures,16,[0  0  0  0  0  0  0  0  0  0  0  0  0  0  0  0  1.0  0  0  0  0  0  0  0  0  0  0] ,54.037128_9.981125.jpg,12078
54.034114,9.979821,0.300581347245,pastures,16,[0  0  0  0  0  0  0  0  0  0  0  0  0  0  0  0  1.0  0  0  0  0  0  0  0  0  0  0] ,54.034114_9.979821.jpg,5321
54.028420,9.993891,0.240474720396,pastures,16,[0  0  0  0  0  0  0  0  0  0  0  0  0  0  0  0  1.0  0  0  0  0  0  0  0  0  0  0] ,54.028420_9.993891.jpg,7029
54.030275,9.995287,0.300581347245,pastures,16,[0  0  0  0  0  0  0  0  0  0  0  0  0  0  0  0  1.0  0  0  0  0  0  0  0  0  0  0] ,54.030275_9.995287.jpg,6922
54.036091,9.975501,0.300581347245,pastures,16,[0  0  0  0  0  0  0  0  0  0  0  0  0  0  0  0  1.0  0  0  0  0  0  0  0  0  0  0] ,54.036091_9.975501.jpg,8190
54.033424,9.980480,1.7887076055,pastures,16,[0  0  0  0  0  0  0  0  0  0  0  0  0  0  0  0  1.0  0  0  0  0  0  0  0  0  0  0] ,54.033424_9.980480.jpg,5537
54.031586,9.992719,0.300581347245,pastures,16,[0  0  0  0  0  0  0  0  0  0  0  0  0  0  0  0  1.0  0  0  0  0  0  0  0  0  0  0] ,54.031586_9.992719.jpg,7052
54.029043,10.004719,0.300581347245,pastures,16,[0  0  0  0  0  0  0  0  0  0  0  0  0  0  0  0  1.0  0  0  0  0  0  0  0  0  0  0] ,54.029043_10.004719.jpg,4984
54.031908,10.010055,0.300581347245,pastures,16,[0  0  0  0  0  0  0  0  0  0  0  0  0  0  0  0  1.0  0  0  0  0  0  0  0  0  0  0] ,54.031908_10.010055.jpg,5535
54.034781,10.009271,13.8356185364,pastures,16,[0  0  0  0  0  0  0  0  0  0  0  0  0  0  0  0  1.0  0  0  0  0  0  0  0  0  0  0] ,54.034781_10.009271.jpg,6640
54.040590,9.971578,0.300581347245,pastures,16,[0  0  0  0  0  0  0  0  0  0  0  0  0  0  0  0  1.0  0  0  0  0  0  0  0  0  0  0] ,54.040590_9.971578.jpg,7455
54.035176,10.003842,0.174561736832,pastures,16,[0  0  0  0  0  0  0  0  0  0  0  0  0  0  0  0  1.0  0  0  0  0  0  0  0  0  0  0] ,54.035176_10.003842.jpg,6644
54.034422,9.971093,0.300581347245,pastures,16,[0  0  0  0  0  0  0  0  0  0  0  0  0  0  0  0  1.0  0  0  0  0  0  0  0  0  0  0] ,54.034422_9.971093.jpg,7834
54.031666,9.988535,0.300581347245,pastures,16,[0  0  0  0  0  0  0  0  0  0  0  0  0  0  0  0  1.0  0  0  0  0  0  0  0  0  0  0] ,54.031666_9.988535.jpg,6107
54.031337,9.994469,0.256135592388,pastures,16,[0  0  0  0  0  0  0  0  0  0  0  0  0  0  0  0  1.0  0  0  0  0  0  0  0  0  0  0] ,54.031337_9.994469.jpg,7007
54.033206,9.979755,0.300581347245,pastures,16,[0  0  0  0  0  0  0  0  0  0  0  0  0  0  0  0  1.0  0  0  0  0  0  0  0  0  0  0] ,54.033206_9.979755.jpg,5475
54.025926,9.996369,0.167689128582,pastures,16,[0  0  0  0  0  0  0  0  0  0  0  0  0  0  0  0  1.0  0  0  0  0  0  0  0  0  0  0] ,54.025926_9.996369.jpg,6717
54.036115,9.999876,0.300581347245,pastures,16,[0  0  0  0  0  0  0  0  0  0  0  0  0  0  0  0  1.0  0  0  0  0  0  0  0  0  0  0] ,54.036115_9.999876.jpg,6410
54.034538,9.982282,0.286276173008,pastures,16,[0  0  0  0  0  0  0  0  0  0  0  0  0  0  0  0  1.0  0  0  0  0  0  0  0  0  0  0] ,54.034538_9.982282.jpg,7177
54.031499,10.004491,0.300581347245,pastures,16,[0  0  0  0  0  0  0  0  0  0  0  0  0  0  0  0  1.0  0  0  0  0  0  0  0  0  0  0] ,54.031499_10.004491.jpg,6459
54.030611,9.987972,0.300581347245,pastures,16,[0  0  0  0  0  0  0  0  0  0  0  0  0  0  0  0  1.0  0  0  0  0  0  0  0  0  0  0] ,54.030611_9.987972.jpg,7901
54.034434,10.011476,0.238086913792,pastures,16,[0  0  0  0  0  0  0  0  0  0  0  0  0  0  0  0  1.0  0  0  0  0  0  0  0  0  0  0] ,54.034434_10.011476.jpg,9425
54.035462,9.968279,0.300581347245,pastures,16,[0  0  0  0  0  0  0  0  0  0  0  0  0  0  0  0  1.0  0  0  0  0  0  0  0  0  0  0] ,54.035462_9.968279.jpg,7352
54.029366,9.989482,0.300581347245,pastures,16,[0  0  0  0  0  0  0  0  0  0  0  0  0  0  0  0  1.0  0  0  0  0  0  0  0  0  0  0] ,54.029366_9.989482.jpg,7681
54.038867,9.969779,0.300581347245,pastures,16,[0  0  0  0  0  0  0  0  0  0  0  0  0  0  0  0  1.0  0  0  0  0  0  0  0  0  0  0] ,54.038867_9.969779.jpg,9304
54.032853,9.976574,0.300581347245,pastures,16,[0  0  0  0  0  0  0  0  0  0  0  0  0  0  0  0  1.0  0  0  0  0  0  0  0  0  0  0] ,54.032853_9.976574.jpg,8503
54.028469,10.003306,0.300581347245,pastures,16,[0  0  0  0  0  0  0  0  0  0  0  0  0  0  0  0  1.0  0  0  0  0  0  0  0  0  0  0] ,54.028469_10.003306.jpg,6551
54.034745,9.964346,3.58536970795,pastures,16,[0  0  0  0  0  0  0  0  0  0  0  0  0  0  0  0  1.0  0  0  0  0  0  0  0  0  0  0] ,54.034745_9.964346.jpg,8967
54.027791,9.983101,0.300581347245,pastures,16,[0  0  0  0  0  0  0  0  0  0  0  0  0  0  0  0  1.0  0  0  0  0  0  0  0  0  0  0] ,54.027791_9.983101.jpg,8014
54.030529,9.974295,0.300581347245,pastures,16,[0  0  0  0  0  0  0  0  0  0  0  0  0  0  0  0  1.0  0  0  0  0  0  0  0  0  0  0] ,54.030529_9.974295.jpg,7929
54.027596,9.979685,0.160623490003,pastures,16,[0  0  0  0  0  0  0  0  0  0  0  0  0  0  0  0  1.0  0  0  0  0  0  0  0  0  0  0] ,54.027596_9.979685.jpg,9938
54.038399,9.979228,0.300581347245,pastures,16,[0  0  0  0  0  0  0  0  0  0  0  0  0  0  0  0  1.0  0  0  0  0  0  0  0  0  0  0] ,54.038399_9.979228.jpg,9711
54.033087,9.974558,0.300581347245,pastures,16,[0  0  0  0  0  0  0  0  0  0  0  0  0  0  0  0  1.0  0  0  0  0  0  0  0  0  0  0] ,54.033087_9.974558.jpg,7235
54.029829,9.990777,0.300581347245,pastures,16,[0  0  0  0  0  0  0  0  0  0  0  0  0  0  0  0  1.0  0  0  0  0  0  0  0  0  0  0] ,54.029829_9.990777.jpg,8062
54.031968,9.999554,0.300581347245,pastures,16,[0  0  0  0  0  0  0  0  0  0  0  0  0  0  0  0  1.0  0  0  0  0  0  0  0  0  0  0] ,54.031968_9.999554.jpg,5190
54.042116,9.971045,9.71470743251,pastures,16,[0  0  0  0  0  0  0  0  0  0  0  0  0  0  0  0  1.0  0  0  0  0  0  0  0  0  0  0] ,54.042116_9.971045.jpg,9046
54.139959,9.980479,25.2495894724,pastures,16,[0  0  0  0  0  0  0  0  0  0  0  0  0  0  0  0  1.0  0  0  0  0  0  0  0  0  0  0] ,54.139959_9.980479.jpg,5520
54.140173,9.979983,25.2495894724,pastures,16,[0  0  0  0  0  0  0  0  0  0  0  0  0  0  0  0  1.0  0  0  0  0  0  0  0  0  0  0] ,54.140173_9.979983.jpg,5954
54.142080,9.979461,25.2495894724,pastures,16,[0  0  0  0  0  0  0  0  0  0  0  0  0  0  0  0  1.0  0  0  0  0  0  0  0  0  0  0] ,54.142080_9.979461.jpg,6620
54.137510,9.982136,18.924387842,pastures,16,[0  0  0  0  0  0  0  0  0  0  0  0  0  0  0  0  1.0  0  0  0  0  0  0  0  0  0  0] ,54.137510_9.982136.jpg,6820
54.104566,9.944863,17.3453159683,pastures,16,[0  0  0  0  0  0  0  0  0  0  0  0  0  0  0  0  1.0  0  0  0  0  0  0  0  0  0  0] ,54.104566_9.944863.jpg,5987
54.099310,9.937712,8.54225849106,pastures,16,[0  0  0  0  0  0  0  0  0  0  0  0  0  0  0  0  1.0  0  0  0  0  0  0  0  0  0  0] ,54.099310_9.937712.jpg,10072
54.103386,9.950806,18.1448688235,pastures,16,[0  0  0  0  0  0  0  0  0  0  0  0  0  0  0  0  1.0  0  0  0  0  0  0  0  0  0  0] ,54.103386_9.950806.jpg,7307
54.108099,9.945619,18.1448688235,pastures,16,[0  0  0  0  0  0  0  0  0  0  0  0  0  0  0  0  1.0  0  0  0  0  0  0  0  0  0  0] ,54.108099_9.945619.jpg,6268
54.104866,9.949813,14.3105372752,pastures,16,[0  0  0  0  0  0  0  0  0  0  0  0  0  0  0  0  1.0  0  0  0  0  0  0  0  0  0  0] ,54.104866_9.949813.jpg,6345
54.107919,9.964053,157.631798824,pastures,16,[0  0  0  0  0  0  0  0  0  0  0  0  0  0  0  0  1.0  0  0  0  0  0  0  0  0  0  0] ,54.107919_9.964053.jpg,7514
54.034040,9.958395,33.0981796753,pastures,16,[0  0  0  0  0  0  0  0  0  0  0  0  0  0  0  0  1.0  0  0  0  0  0  0  0  0  0  0] ,54.034040_9.958395.jpg,5996
54.037241,9.957830,27.1631822031,pastures,16,[0  0  0  0  0  0  0  0  0  0  0  0  0  0  0  0  1.0  0  0  0  0  0  0  0  0  0  0] ,54.037241_9.957830.jpg,10502
54.040503,9.956968,27.1631822031,pastures,16,[0  0  0  0  0  0  0  0  0  0  0  0  0  0  0  0  1.0  0  0  0  0  0  0  0  0  0  0] ,54.040503_9.956968.jpg,6319
54.036115,9.958619,27.1631822031,pastures,16,[0  0  0  0  0  0  0  0  0  0  0  0  0  0  0  0  1.0  0  0  0  0  0  0  0  0  0  0] ,54.036115_9.958619.jpg,10171
54.038562,9.955657,27.1631822031,pastures,16,[0  0  0  0  0  0  0  0  0  0  0  0  0  0  0  0  1.0  0  0  0  0  0  0  0  0  0  0] ,54.038562_9.955657.jpg,8969
54.037813,9.959070,27.1631822031,pastures,16,[0  0  0  0  0  0  0  0  0  0  0  0  0  0  0  0  1.0  0  0  0  0  0  0  0  0  0  0] ,54.037813_9.959070.jpg,9866
54.040612,9.963391,25.0896171501,pastures,16,[0  0  0  0  0  0  0  0  0  0  0  0  0  0  0  0  1.0  0  0  0  0  0  0  0  0  0  0] ,54.040612_9.963391.jpg,8680
54.036428,9.958768,27.1631822031,pastures,16,[0  0  0  0  0  0  0  0  0  0  0  0  0  0  0  0  1.0  0  0  0  0  0  0  0  0  0  0] ,54.036428_9.958768.jpg,10024
54.089065,9.941694,16.923119563,pastures,16,[0  0  0  0  0  0  0  0  0  0  0  0  0  0  0  0  1.0  0  0  0  0  0  0  0  0  0  0] ,54.089065_9.941694.jpg,7966
54.093158,9.934955,5.0097255056,pastures,16,[0  0  0  0  0  0  0  0  0  0  0  0  0  0  0  0  1.0  0  0  0  0  0  0  0  0  0  0] ,54.093158_9.934955.jpg,10863
54.041304,10.022281,87.032123554,pastures,16,[0  0  0  0  0  0  0  0  0  0  0  0  0  0  0  0  1.0  0  0  0  0  0  0  0  0  0  0] ,54.041304_10.022281.jpg,7726
54.042620,10.034724,68.1621830634,pastures,16,[0  0  0  0  0  0  0  0  0  0  0  0  0  0  0  0  0.998447627365  0  0.00155237263527  0  0  0  0  0  0  0  0] ,54.042620_10.034724.jpg,8794
54.110540,10.002642,78.7750540444,pastures,16,[0  0  0  0  0  0  0  0  0  0  0  0  0  0  0  0  1.0  0  0  0  0  0  0  0  0  0  0] ,54.110540_10.002642.jpg,7861
54.122196,10.019508,0.0,pastures,16,[0  0  0  0  0  0  0  0  0  0  0  0  0  0  0  0  1.0  0  0  0  0  0  0  0  0  0  0] ,54.122196_10.019508.jpg,6808
54.127515,10.002571,11.0657250027,pastures,16,[0  0  0  0  0  0  0  0  0  0  0  0  0  0  0  0  1.0  0  0  0  0  0  0  0  0  0  0] ,54.127515_10.002571.jpg,8760
54.093031,10.017606,198.215355757,pastures,16,[0  0  0  0  0  0  0  0  0  0  0  0  0  0  0  0  1.0  0  0  0  0  0  0  0  0  0  0] ,54.093031_10.017606.jpg,7630
54.097997,10.009895,208.06101545,pastures,16,[0  0  0  0  0  0  0  0  0  0  0  0  0  0  0  0  1.0  0  0  0  0  0  0  0  0  0  0] ,54.097997_10.009895.jpg,7134
54.079196,10.004126,471.816711029,pastures,16,[0  0  0  0  0  0  0  0  0  0  0  0  0  0  0  0  1.0  0  0  0  0  0  0  0  0  0  0] ,54.079196_10.004126.jpg,8786
54.143580,9.995726,42.1475846445,pastures,16,[0  0  0  0  0  0  0  0  0  0  0  0  0  0  0  0  1.0  0  0  0  0  0  0  0  0  0  0] ,54.143580_9.995726.jpg,9519
54.038781,9.985130,0.0,pastures,16,[0  0  0  0  0  0  0  0  0  0  0  0  0  0  0  0  1.0  0  0  0  0  0  0  0  0  0  0] ,54.038781_9.985130.jpg,9251
54.043432,9.972047,12.6586320601,pastures,16,[0  0  0  0  0  0  0  0  0  0  0  0  0  0  0  0  1.0  0  0  0  0  0  0  0  0  0  0] ,54.043432_9.972047.jpg,8843
54.074403,9.945703,464.927469023,pastures,16,[0  0  0  0  0  0  0  0  0  0  0  0  0  0  0  0  1.0  0  0  0  0  0  0  0  0  0  0] ,54.074403_9.945703.jpg,11241
54.066658,9.935945,30.8275889005,pastures,16,[0  0  0  0  0  0  0  0  0  0  0  0  0  0  0  0  1.0  0  0  0  0  0  0  0  0  0  0] ,54.066658_9.935945.jpg,5224
54.101944,9.947029,18.1132831223,pastures,16,[0  0  0  0  0  0  0  0  0  0  0  0  0  0  0  0  1.0  0  0  0  0  0  0  0  0  0  0] ,54.101944_9.947029.jpg,5659
54.105725,9.961156,190.73006024,pastures,16,[0  0  0  0  0  0  0  0  0  0  0  0  0  0  0  0  1.0  0  0  0  0  0  0  0  0  0  0] ,54.105725_9.961156.jpg,7364
54.112160,9.960232,0.0,pastures,16,[0  0  0  0  0  0  0  0  0  0  0  0  0  0  0  0  1.0  0  0  0  0  0  0  0  0  0  0] ,54.112160_9.960232.jpg,5402
54.115840,9.952622,0.0,pastures,16,[0  0  0  0  0  0  0  0  0  0  0  0  0  0  0  0  1.0  0  0  0  0  0  0  0  0  0  0] ,54.115840_9.952622.jpg,16344
54.028728,9.959500,0.0,pastures,16,[0  0  0  0  0  0  0  0  0  0  0  0  0  0  0  0  1.0  0  0  0  0  0  0  0  0  0  0] ,54.028728_9.959500.jpg,8155
54.035620,9.963128,9.13954319973,pastures,16,[0  0  0  0  0  0  0  0  0  0  0  0  0  0  0  0  1.0  0  0  0  0  0  0  0  0  0  0] ,54.035620_9.963128.jpg,8224
54.037483,9.956227,27.1631822031,pastures,16,[0  0  0  0  0  0  0  0  0  0  0  0  0  0  0  0  1.0  0  0  0  0  0  0  0  0  0  0] ,54.037483_9.956227.jpg,10901
54.081632,9.938988,19.6414019262,pastures,16,[0  0  0  0  0  0  0  0  0  0  0  0  0  0  0  0  1.0  0  0  0  0  0  0  0  0  0  0] ,54.081632_9.938988.jpg,5718
54.087083,9.940987,14.0093114836,pastures,16,[0  0  0  0  0  0  0  0  0  0  0  0  0  0  0  0  1.0  0  0  0  0  0  0  0  0  0  0] ,54.087083_9.940987.jpg,6997
54.043098,9.978675,0.0,construction_sites,10,[0  0  0  0  0  0  0  0  0  0  1.0  0  0  0  0  0  0  0  0  0  0  0  0  0  0  0  0] ,54.043098_9.978675.jpg,17164
54.055501,10.027441,2807.76338898,discontinuous_dense_urban_fabric_sl_50_80,1,[0  1.0  0  0  0  0  0  0  0  0  0  0  0  0  0  0  0  0  0  0  0  0  0  0  0  0  0] ,54.055501_10.027441.jpg,14462
54.056360,10.021400,2867.93251683,discontinuous_dense_urban_fabric_sl_50_80,1,[0  1.0  0  0  0  0  0  0  0  0  0  0  0  0  0  0  0  0  0  0  0  0  0  0  0  0  0] ,54.056360_10.021400.jpg,13791
54.072398,10.015088,3160.450031,discontinuous_dense_urban_fabric_sl_50_80,1,[0  1.0  0  0  0  0  0  0  0  0  0  0  0  0  0  0  0  0  0  0  0  0  0  0  0  0  0] ,54.072398_10.015088.jpg,14312
54.062292,10.016153,4133.83891487,discontinuous_dense_urban_fabric_sl_50_80,1,[0  1.0  0  0  0  0  0  0  0  0  0  0  0  0  0  0  0  0  0  0  0  0  0  0  0  0  0] ,54.062292_10.016153.jpg,14674
54.065947,10.019445,3848.70756452,discontinuous_dense_urban_fabric_sl_50_80,1,[0  1.0  0  0  0  0  0  0  0  0  0  0  0  0  0  0  0  0  0  0  0  0  0  0  0  0  0] ,54.065947_10.019445.jpg,14328
54.060943,10.014655,4236.78022869,discontinuous_dense_urban_fabric_sl_50_80,1,[0  1.0  0  0  0  0  0  0  0  0  0  0  0  0  0  0  0  0  0  0  0  0  0  0  0  0  0] ,54.060943_10.014655.jpg,13022
54.072287,10.016261,3765.95994052,discontinuous_dense_urban_fabric_sl_50_80,1,[0  1.0  0  0  0  0  0  0  0  0  0  0  0  0  0  0  0  0  0  0  0  0  0  0  0  0  0] ,54.072287_10.016261.jpg,14523
54.100717,10.004597,2737.37889733,discontinuous_dense_urban_fabric_sl_50_80,1,[0  1.0  0  0  0  0  0  0  0  0  0  0  0  0  0  0  0  0  0  0  0  0  0  0  0  0  0] ,54.100717_10.004597.jpg,13500
54.051311,10.009765,3175.25417597,discontinuous_dense_urban_fabric_sl_50_80,1,[0  1.0  0  0  0  0  0  0  0  0  0  0  0  0  0  0  0  0  0  0  0  0  0  0  0  0  0] ,54.051311_10.009765.jpg,14146
54.054793,10.001039,2235.42421506,discontinuous_dense_urban_fabric_sl_50_80,1,[0  1.0  0  0  0  0  0  0  0  0  0  0  0  0  0  0  0  0  0  0  0  0  0  0  0  0  0] ,54.054793_10.001039.jpg,11855
54.051101,10.016094,3244.43229437,discontinuous_dense_urban_fabric_sl_50_80,1,[0  1.0  0  0  0  0  0  0  0  0  0  0  0  0  0  0  0  0  0  0  0  0  0  0  0  0  0] ,54.051101_10.016094.jpg,13503
54.051257,10.014768,2943.24280183,discontinuous_dense_urban_fabric_sl_50_80,1,[0  1.0  0  0  0  0  0  0  0  0  0  0  0  0  0  0  0  0  0  0  0  0  0  0  0  0  0] ,54.051257_10.014768.jpg,13429
54.091216,9.990456,4507.884645,discontinuous_dense_urban_fabric_sl_50_80,1,[0  1.0  0  0  0  0  0  0  0  0  0  0  0  0  0  0  0  0  0  0  0  0  0  0  0  0  0] ,54.091216_9.990456.jpg,14531
54.097932,9.995596,2625.29329459,discontinuous_dense_urban_fabric_sl_50_80,1,[0  1.0  0  0  0  0  0  0  0  0  0  0  0  0  0  0  0  0  0  0  0  0  0  0  0  0  0] ,54.097932_9.995596.jpg,14081
54.059086,9.965144,3248.51839792,discontinuous_dense_urban_fabric_sl_50_80,1,[0  1.0  0  0  0  0  0  0  0  0  0  0  0  0  0  0  0  0  0  0  0  0  0  0  0  0  0] ,54.059086_9.965144.jpg,15370
54.096836,9.965882,3001.71228079,discontinuous_dense_urban_fabric_sl_50_80,1,[0  1.0  0  0  0  0  0  0  0  0  0  0  0  0  0  0  0  0  0  0  0  0  0  0  0  0  0] ,54.096836_9.965882.jpg,13656
54.048856,9.958242,2341.15449608,discontinuous_dense_urban_fabric_sl_50_80,1,[0  1.0  0  0  0  0  0  0  0  0  0  0  0  0  0  0  0  0  0  0  0  0  0  0  0  0  0] ,54.048856_9.958242.jpg,14303
54.046170,10.022841,2673.82894907,discontinuous_dense_urban_fabric_sl_50_80,1,[0  1.0  0  0  0  0  0  0  0  0  0  0  0  0  0  0  0  0  0  0  0  0  0  0  0  0  0] ,54.046170_10.022841.jpg,13926
54.051061,10.039955,2413.82950007,discontinuous_dense_urban_fabric_sl_50_80,1,[0  1.0  0  0  0  0  0  0  0  0  0  0  0  0  0  0  0  0  0  0  0  0  0  0  0  0  0] ,54.051061_10.039955.jpg,14277
54.053459,10.029604,2967.83227102,discontinuous_dense_urban_fabric_sl_50_80,1,[0  1.0  0  0  0  0  0  0  0  0  0  0  0  0  0  0  0  0  0  0  0  0  0  0  0  0  0] ,54.053459_10.029604.jpg,14446
54.055304,10.024143,3212.73031175,discontinuous_dense_urban_fabric_sl_50_80,1,[0  1.0  0  0  0  0  0  0  0  0  0  0  0  0  0  0  0  0  0  0  0  0  0  0  0  0  0] ,54.055304_10.024143.jpg,14764
54.057047,10.025048,2886.7579095,discontinuous_dense_urban_fabric_sl_50_80,1,[0  1.0  0  0  0  0  0  0  0  0  0  0  0  0  0  0  0  0  0  0  0  0  0  0  0  0  0] ,54.057047_10.025048.jpg,14685
54.063894,10.012709,3292.1871192,discontinuous_dense_urban_fabric_sl_50_80,1,[0  1.0  0  0  0  0  0  0  0  0  0  0  0  0  0  0  0  0  0  0  0  0  0  0  0  0  0] ,54.063894_10.012709.jpg,12176
54.064124,10.016490,4133.2383734,discontinuous_dense_urban_fabric_sl_50_80,1,[0  1.0  0  0  0  0  0  0  0  0  0  0  0  0  0  0  0  0  0  0  0  0  0  0  0  0  0] ,54.064124_10.016490.jpg,12918
54.090422,10.000288,3303.38438418,discontinuous_dense_urban_fabric_sl_50_80,1,[0  1.0  0  0  0  0  0  0  0  0  0  0  0  0  0  0  0  0  0  0  0  0  0  0  0  0  0] ,54.090422_10.000288.jpg,13189
54.093192,10.003244,2857.74418432,discontinuous_dense_urban_fabric_sl_50_80,1,[0  1.0  0  0  0  0  0  0  0  0  0  0  0  0  0  0  0  0  0  0  0  0  0  0  0  0  0] ,54.093192_10.003244.jpg,13828
54.094290,9.998636,3339.208922,discontinuous_dense_urban_fabric_sl_50_80,1,[0  1.0  0  0  0  0  0  0  0  0  0  0  0  0  0  0  0  0  0  0  0  0  0  0  0  0  0] ,54.094290_9.998636.jpg,14207
54.101072,9.999174,1054.98738833,discontinuous_dense_urban_fabric_sl_50_80,1,[0  1.0  0  0  0  0  0  0  0  0  0  0  0  0  0  0  0  0  0  0  0  0  0  0  0  0  0] ,54.101072_9.999174.jpg,8753
54.103026,10.006208,2487.29215439,discontinuous_dense_urban_fabric_sl_50_80,1,[0  1.0  0  0  0  0  0  0  0  0  0  0  0  0  0  0  0  0  0  0  0  0  0  0  0  0  0] ,54.103026_10.006208.jpg,13101
54.051343,10.009065,3175.25399701,discontinuous_dense_urban_fabric_sl_50_80,1,[0  1.0  0  0  0  0  0  0  0  0  0  0  0  0  0  0  0  0  0  0  0  0  0  0  0  0  0] ,54.051343_10.009065.jpg,14168
54.063661,9.996113,4639.66533668,discontinuous_dense_urban_fabric_sl_50_80,1,[0  1.0  0  0  0  0  0  0  0  0  0  0  0  0  0  0  0  0  0  0  0  0  0  0  0  0  0] ,54.063661_9.996113.jpg,12886
54.067462,9.996257,8412.38006554,discontinuous_dense_urban_fabric_sl_50_80,1,[0  1.0  0  0  0  0  0  0  0  0  0  0  0  0  0  0  0  0  0  0  0  0  0  0  0  0  0] ,54.067462_9.996257.jpg,13178
54.069246,9.992750,6226.29345784,discontinuous_dense_urban_fabric_sl_50_80,1,[0  1.0  0  0  0  0  0  0  0  0  0  0  0  0  0  0  0  0  0  0  0  0  0  0  0  0  0] ,54.069246_9.992750.jpg,13279
54.100640,9.992113,3166.32884854,discontinuous_dense_urban_fabric_sl_50_80,1,[0  1.0  0  0  0  0  0  0  0  0  0  0  0  0  0  0  0  0  0  0  0  0  0  0  0  0  0] ,54.100640_9.992113.jpg,14759
54.103815,9.995623,3211.70218295,discontinuous_dense_urban_fabric_sl_50_80,1,[0  1.0  0  0  0  0  0  0  0  0  0  0  0  0  0  0  0  0  0  0  0  0  0  0  0  0  0] ,54.103815_9.995623.jpg,14589
54.120232,9.994838,3860.58886638,discontinuous_dense_urban_fabric_sl_50_80,1,[0  0.997189768757  0  0  0  0  0.00281023124282  0  0  0  0  0  0  0  0  0  0  0  0  0  0  0  0  0  0  0  0] ,54.120232_9.994838.jpg,13532
54.087828,9.991686,3963.12971039,discontinuous_dense_urban_fabric_sl_50_80,1,[0  1.0  0  0  0  0  0  0  0  0  0  0  0  0  0  0  0  0  0  0  0  0  0  0  0  0  0] ,54.087828_9.991686.jpg,13476
54.088402,9.994415,4750.11240446,discontinuous_dense_urban_fabric_sl_50_80,1,[0  1.0  0  0  0  0  0  0  0  0  0  0  0  0  0  0  0  0  0  0  0  0  0  0  0  0  0] ,54.088402_9.994415.jpg,14497
54.092504,9.991803,4532.5433712,discontinuous_dense_urban_fabric_sl_50_80,1,[0  1.0  0  0  0  0  0  0  0  0  0  0  0  0  0  0  0  0  0  0  0  0  0  0  0  0  0] ,54.092504_9.991803.jpg,14147
54.096422,9.991690,3151.74144183,discontinuous_dense_urban_fabric_sl_50_80,1,[0  1.0  0  0  0  0  0  0  0  0  0  0  0  0  0  0  0  0  0  0  0  0  0  0  0  0  0] ,54.096422_9.991690.jpg,13619
54.048622,9.967185,155.968381469,discontinuous_dense_urban_fabric_sl_50_80,1,[0  1.0  0  0  0  0  0  0  0  0  0  0  0  0  0  0  0  0  0  0  0  0  0  0  0  0  0] ,54.048622_9.967185.jpg,7983
54.049145,9.971475,3722.1665257,discontinuous_dense_urban_fabric_sl_50_80,1,[0  1.0  0  0  0  0  0  0  0  0  0  0  0  0  0  0  0  0  0  0  0  0  0  0  0  0  0] ,54.049145_9.971475.jpg,14421
54.058038,9.965179,2769.15364092,discontinuous_dense_urban_fabric_sl_50_80,1,[0  1.0  0  0  0  0  0  0  0  0  0  0  0  0  0  0  0  0  0  0  0  0  0  0  0  0  0] ,54.058038_9.965179.jpg,13914
54.073156,9.975827,11427.0385335,discontinuous_dense_urban_fabric_sl_50_80,1,[0  1.0  0  0  0  0  0  0  0  0  0  0  0  0  0  0  0  0  0  0  0  0  0  0  0  0  0] ,54.073156_9.975827.jpg,14066
54.089299,9.972141,3277.55521653,discontinuous_dense_urban_fabric_sl_50_80,1,[0  1.0  0  0  0  0  0  0  0  0  0  0  0  0  0  0  0  0  0  0  0  0  0  0  0  0  0] ,54.089299_9.972141.jpg,13900
54.094265,9.967807,3605.5464323,discontinuous_dense_urban_fabric_sl_50_80,1,[0  1.0  0  0  0  0  0  0  0  0  0  0  0  0  0  0  0  0  0  0  0  0  0  0  0  0  0] ,54.094265_9.967807.jpg,14612
54.097859,9.963912,1512.25747048,discontinuous_dense_urban_fabric_sl_50_80,1,[0  1.0  0  0  0  0  0  0  0  0  0  0  0  0  0  0  0  0  0  0  0  0  0  0  0  0  0] ,54.097859_9.963912.jpg,13064
54.065158,9.945571,3504.16311522,discontinuous_dense_urban_fabric_sl_50_80,1,[0  1.0  0  0  0  0  0  0  0  0  0  0  0  0  0  0  0  0  0  0  0  0  0  0  0  0  0] ,54.065158_9.945571.jpg,14447
54.095791,9.956485,2751.44064981,discontinuous_dense_urban_fabric_sl_50_80,1,[0  1.0  0  0  0  0  0  0  0  0  0  0  0  0  0  0  0  0  0  0  0  0  0  0  0  0  0] ,54.095791_9.956485.jpg,14394
54.048694,9.960419,2591.89682916,discontinuous_dense_urban_fabric_sl_50_80,1,[0  1.0  0  0  0  0  0  0  0  0  0  0  0  0  0  0  0  0  0  0  0  0  0  0  0  0  0] ,54.048694_9.960419.jpg,13897
54.067803,10.001937,4773.63375228,discontinuous_medium_density_urban_fabric_sl_30_50,2,[0  0  0.995966834664  0  0  0  0  0  0  0  0  0  0.00403316533647  0  0  0  0  0  0  0  0  0  0  0  0  0  0] ,54.067803_10.001937.jpg,12945
54.107766,9.995588,2152.5232313,discontinuous_medium_density_urban_fabric_sl_30_50,2,[0  0  1.0  0  0  0  0  0  0  0  0  0  0  0  0  0  0  0  0  0  0  0  0  0  0  0  0] ,54.107766_9.995588.jpg,11898
54.106306,9.982843,2653.91613909,discontinuous_medium_density_urban_fabric_sl_30_50,2,[0  0  0.993707979864  0  0  0  0  0  0  0  0  0  0  0  0.00629202013586  0  0  0  0  0  0  0  0  0  0  0  0] ,54.106306_9.982843.jpg,14691
54.117587,9.984397,1611.03049624,discontinuous_medium_density_urban_fabric_sl_30_50,2,[0  0  1.0  0  0  0  0  0  0  0  0  0  0  0  0  0  0  0  0  0  0  0  0  0  0  0  0] ,54.117587_9.984397.jpg,11564
54.058468,9.972346,3524.28025941,discontinuous_medium_density_urban_fabric_sl_30_50,2,[0  0.00282666534305  0.994775689224  0  0  0  0  0  0  0  0  0  0  0  0  0  0  0  0.00239764543254  0  0  0  0  0  0  0  0] ,54.058468_9.972346.jpg,13652
54.092210,9.963797,2212.07623348,discontinuous_medium_density_urban_fabric_sl_30_50,2,[0  0  1.0  0  0  0  0  0  0  0  0  0  0  0  0  0  0  0  0  0  0  0  0  0  0  0  0] ,54.092210_9.963797.jpg,14049
54.077475,9.954580,4499.82901237,discontinuous_medium_density_urban_fabric_sl_30_50,2,[0  0  1.0  0  0  0  0  0  0  0  0  0  0  0  0  0  0  0  0  0  0  0  0  0  0  0  0] ,54.077475_9.954580.jpg,12609
54.078300,9.959359,7598.88360901,discontinuous_medium_density_urban_fabric_sl_30_50,2,[0  0  1.0  0  0  0  0  0  0  0  0  0  0  0  0  0  0  0  0  0  0  0  0  0  0  0  0] ,54.078300_9.959359.jpg,12583
54.125861,10.015175,0.0,forests,18,[0  0  0  0  0  0  0  0  0  0  0  0  0  0  0  0  0  0  1.0  0  0  0  0  0  0  0  0] ,54.125861_10.015175.jpg,11393
54.125114,10.020150,0.0,forests,18,[0  0  0  0  0  0  0  0  0  0  0  0  0  0  0  0  0  0  1.0  0  0  0  0  0  0  0  0] ,54.125114_10.020150.jpg,11664
54.124019,10.017128,0.0,forests,18,[0  0  0  0  0  0  0  0  0  0  0  0  0  0  0  0  0  0  1.0  0  0  0  0  0  0  0  0] ,54.124019_10.017128.jpg,12271
54.083932,10.011732,0.0,forests,18,[0  0  0  0  0  0  0  0  0  0  0  0  0  0  0  0  0  0  1.0  0  0  0  0  0  0  0  0] ,54.083932_10.011732.jpg,10188
54.083060,10.012004,0.0,forests,18,[0  0  0  0  0  0  0  0  0  0  0  0  0  0  0  0  0  0  1.0  0  0  0  0  0  0  0  0] ,54.083060_10.012004.jpg,9194
54.147561,9.995696,0.00232549057726,forests,18,[0  0  0  0  0  0  0  0  0  0  0  0  0  0  0.00032855327173  0  0  0  0.999671446728  0  0  0  0  0  0  0  0] ,54.147561_9.995696.jpg,9267
54.053393,9.936158,0.0,forests,18,[0  0  0  0  0  0  0  0  0  0  0  0  0  0  0  0  0  0  1.0  0  0  0  0  0  0  0  0] ,54.053393_9.936158.jpg,10523
54.053703,9.942436,0.0,forests,18,[0  0  0  0  0  0  0  0  0  0  0  0  0  0  0  0  0  0  1.0  0  0  0  0  0  0  0  0] ,54.053703_9.942436.jpg,12102
54.052471,9.927935,0.0,forests,18,[0  0  0  0  0  0  0  0  0  0  0  0  0  0  0  0  0  0  1.0  0  0  0  0  0  0  0  0] ,54.052471_9.927935.jpg,7681
54.054583,9.934151,7.37533886105,forests,18,[0  0  0  0  0  0  0  0  0  0  0  0  0  0  0  0  0  0  1.0  0  0  0  0  0  0  0  0] ,54.054583_9.934151.jpg,10473
54.055097,9.951561,0.0,forests,18,[0  0  0  0  0  0  0  0  0  0  0  0  0  0  0  0  0  0  1.0  0  0  0  0  0  0  0  0] ,54.055097_9.951561.jpg,10799
54.084280,9.946863,0.0,forests,18,[0  0  0  0  0  0  0  0  0  0  0  0  0  0  0  0  0  0  1.0  0  0  0  0  0  0  0  0] ,54.084280_9.946863.jpg,11662
54.083686,9.951289,0.0,forests,18,[0  0  0  0  0  0  0  0  0  0  0  0  0  0  0  0  0  0  1.0  0  0  0  0  0  0  0  0] ,54.083686_9.951289.jpg,12370
54.082765,9.950915,0.0,forests,18,[0  0  0  0  0  0  0  0  1.68662040319e-06  0  0  0  0  0  0  0  0  0  0.99999831338  0  0  0  0  0  0  0  0] ,54.082765_9.950915.jpg,12175
54.088074,9.950590,0.0,forests,18,[0  0  0  0  0  0  0  0  0  0  0  0  0  0  0  0  0  0  1.0  0  0  0  0  0  0  0  0] ,54.088074_9.950590.jpg,11220
54.087774,9.949302,2.79869193157,forests,18,[0  0  0  0  0  0  0  0  0  0  0  0  0  0  0  0  0  0  1.0  0  0  0  0  0  0  0  0] ,54.087774_9.949302.jpg,10549
54.088512,9.945033,4.29586932366,forests,18,[0  0  0  0  0  0  0  0  0  0  0  0  0  0  0  0  0  0  1.0  0  0  0  0  0  0  0  0] ,54.088512_9.945033.jpg,10886
54.086601,9.949168,0.0,forests,18,[0  0  0  0  0  0  0  0  0  0  0  0  0  0  0  0  0  0  1.0  0  0  0  0  0  0  0  0] ,54.086601_9.949168.jpg,11912
54.039870,10.036471,0.0,forests,18,[0  0  0  0  0  0  0  0  0  0  0  0  0  0  0  0  0  0  1.0  0  0  0  0  0  0  0  0] ,54.039870_10.036471.jpg,12455
54.048895,10.030621,0.0,forests,18,[0  0  0  0  0  0  0  0  0  0  0  0  0  0  0  0  0  0  1.0  0  0  0  0  0  0  0  0] ,54.048895_10.030621.jpg,11460
54.124986,10.015664,0.0,forests,18,[0  0  0  0  0  0  0  0  0  0  0  0  0  0  0  0  0  0  1.0  0  0  0  0  0  0  0  0] ,54.124986_10.015664.jpg,11322
54.139633,10.015702,0.0,forests,18,[0  0  0  0  0  0  0  0  0  0  0  0  0  0  0  0  0  0  1.0  0  0  0  0  0  0  0  0] ,54.139633_10.015702.jpg,11024
54.054276,10.009337,0.0,forests,18,[0  0  0  0  0  0  0  0  0  0  0  0  0  0  0  0  0  0  1.0  0  0  0  0  0  0  0  0] ,54.054276_10.009337.jpg,10483
54.083276,10.014206,0.0,forests,18,[0  0  0  0  0  0  0  0  0  0  0  0  0  0  0  0  0  0  1.0  0  0  0  0  0  0  0  0] ,54.083276_10.014206.jpg,11326
54.145029,9.992199,0.0,forests,18,[0  0  0  0  0  0  0  0  0  0  0  0  0  0  0  0  0  0  1.0  0  0  0  0  0  0  0  0] ,54.145029_9.992199.jpg,11586
54.054526,9.987058,0.0,forests,18,[0  0  0  0  0  0  0  0  0  0  0  0  0  0  0  0  0  0  1.0  0  0  0  0  0  0  0  0] ,54.054526_9.987058.jpg,10902
54.056269,9.974199,320.953074199,forests,18,[0  0  0  0  0  0  0  0  0  0  0  0  0  0  0  0  0  0  1.0  0  0  0  0  0  0  0  0] ,54.056269_9.974199.jpg,10720
54.084725,9.965825,0.0,forests,18,[0  0  0  0  0  0  0  0  0  0  0  0  0  0  0  0  0  0  1.0  0  0  0  0  0  0  0  0] ,54.084725_9.965825.jpg,11494
54.106030,9.972731,0.0,forests,18,[0  0  0  0  0  0  0  0  0  0  0  0  0  0  0  0  0  0  1.0  0  0  0  0  0  0  0  0] ,54.106030_9.972731.jpg,11454
54.058539,9.933190,0.0,forests,18,[0  0  0  0  0  0  0  0  0  0  0  0  0  0  0  0  0  0  1.0  0  0  0  0  0  0  0  0] ,54.058539_9.933190.jpg,11240
54.056354,9.955111,0.0,forests,18,[0  0  0  0  0  0  0  0  0  0  0  0  0  0  0  0  0  0  1.0  0  0  0  0  0  0  0  0] ,54.056354_9.955111.jpg,11481
54.083662,9.951382,0.0,forests,18,[0  0  0  0  0  0  0  0  0  0  0  0  0  0  0  0  0  0  1.0  0  0  0  0  0  0  0  0] ,54.083662_9.951382.jpg,12039
54.086478,9.949617,0.0,forests,18,[0  0  0  0  0  0  0  0  0  0  0  0  0  0  0  0  0  0  1.0  0  0  0  0  0  0  0  0] ,54.086478_9.949617.jpg,12017
54.068367,10.007531,0.0,green_urban_areas,12,[0  0  0  0  0  0  0  0  0  0  0  0  1.0  0  0  0  0  0  0  0  0  0  0  0  0  0  0] ,54.068367_10.007531.jpg,10809
54.072338,10.001907,0.0,green_urban_areas,12,[0  0  0  0  0  0  0  0  0  0  0  0  1.0  0  0  0  0  0  0  0  0  0  0  0  0  0  0] ,54.072338_10.001907.jpg,11485
54.092168,9.945831,0.0,green_urban_areas,12,[0  0  0  0  0  0  0  0  0  0  0  0  1.0  0  0  0  0  0  0  0  0  0  0  0  0  0  0] ,54.092168_9.945831.jpg,12211
54.136734,10.013064,0.0,herbaceous_vegetation_associations_natural_grassland_moors,19,[0  0  0  0  0  0  0  0  0  0  0  0  0  0  0  0  0  0  0.00134762126293  0.998652378737  0  0  0  0  0  0  0] ,54.136734_10.013064.jpg,7781
54.041797,9.996098,69.7656572204,industrial_commercial_public_military_and_private_units,6,[0  0  0  0  0  0  1.0  0  0  0  0  0  0  0  0  0  0  0  0  0  0  0  0  0  0  0  0] ,54.041797_9.996098.jpg,10557
54.041197,10.004396,119.016627635,industrial_commercial_public_military_and_private_units,6,[0  0  0  0  0  0  1.0  0  0  0  0  0  0  0  0  0  0  0  0  0  0  0  0  0  0  0  0] ,54.041197_10.004396.jpg,11895
54.040259,10.007839,64.8609871842,industrial_commercial_public_military_and_private_units,6,[0  0  0  0  0  0  1.0  0  0  0  0  0  0  0  0  0  0  0  0  0  0  0  0  0  0  0  0] ,54.040259_10.007839.jpg,13907
54.048513,9.993856,131.030546143,industrial_commercial_public_military_and_private_units,6,[0  0  0  0  0  0  1.0  0  0  0  0  0  0  0  0  0  0  0  0  0  0  0  0  0  0  0  0] ,54.048513_9.993856.jpg,13181
54.085896,10.005721,154.852605261,industrial_commercial_public_military_and_private_units,6,[0  0  0  0  0  0  1.0  0  0  0  0  0  0  0  0  0  0  0  0  0  0  0  0  0  0  0  0] ,54.085896_10.005721.jpg,11782
54.086181,10.008092,150.730077477,industrial_commercial_public_military_and_private_units,6,[0  0  0  0  0  0  1.0  0  0  0  0  0  0  0  0  0  0  0  0  0  0  0  0  0  0  0  0] ,54.086181_10.008092.jpg,11910
54.111189,9.989592,27.1734508811,industrial_commercial_public_military_and_private_units,6,[0  0  0  0  0  0  1.0  0  0  0  0  0  0  0  0  0  0  0  0  0  0  0  0  0  0  0  0] ,54.111189_9.989592.jpg,9440
54.048663,9.992161,131.385703803,industrial_commercial_public_military_and_private_units,6,[0  0  0  0  0  0  1.0  0  0  0  0  0  0  0  0  0  0  0  0  0  0  0  0  0  0  0  0] ,54.048663_9.992161.jpg,13600
54.051502,9.988695,126.481015153,industrial_commercial_public_military_and_private_units,6,[0  0  0  0  0  0  1.0  0  0  0  0  0  0  0  0  0  0  0  0  0  0  0  0  0  0  0  0] ,54.051502_9.988695.jpg,12743
54.049816,9.982128,241.723938123,industrial_commercial_public_military_and_private_units,6,[0  0  0  0  0  0  1.0  0  0  0  0  0  0  0  0  0  0  0  0  0  0  0  0  0  0  0  0] ,54.049816_9.982128.jpg,12200
54.081622,9.969805,2449.52891909,industrial_commercial_public_military_and_private_units,6,[0  0  0  0  0  0  1.0  0  0  0  0  0  0  0  0  0  0  0  0  0  0  0  0  0  0  0  0] ,54.081622_9.969805.jpg,10583
54.093345,9.976253,173.174735366,industrial_commercial_public_military_and_private_units,6,[0  0  0  0  0  0  1.0  0  0  0  0  0  0  0  0  0  0  0  0  0  0  0  0  0  0  0  0] ,54.093345_9.976253.jpg,17847
54.089581,9.976975,156.859348335,industrial_commercial_public_military_and_private_units,6,[0  0  0  0  0  0  1.0  0  0  0  0  0  0  0  0  0  0  0  0  0  0  0  0  0  0  0  0] ,54.089581_9.976975.jpg,13919
54.100499,9.985168,136.660525861,industrial_commercial_public_military_and_private_units,6,[0  0  0  0  0  0  1.0  0  0  0  0  0  0  0  0  0  0  0  0  0  0  0  0  0  0  0  0] ,54.100499_9.985168.jpg,12650
54.102495,9.980182,154.835029309,industrial_commercial_public_military_and_private_units,6,[0  0  0  0  0  0  1.0  0  0  0  0  0  0  0  0  0  0  0  0  0  0  0  0  0  0  0  0] ,54.102495_9.980182.jpg,13009
54.069909,9.939894,187.880191527,industrial_commercial_public_military_and_private_units,6,[0  0  0  0  0  0  1.0  0  0  0  0  0  0  0  0  0  0  0  0  0  0  0  0  0  0  0  0] ,54.069909_9.939894.jpg,13408
54.030429,9.954395,14.2691510637,industrial_commercial_public_military_and_private_units,6,[0  0  0  0  0  0  1.0  0  0  0  0  0  0  0  0  0  0  0  0  0  0  0  0  0  0  0  0] ,54.030429_9.954395.jpg,11513
54.116874,10.000076,372.951014282,industrial_commercial_public_military_and_private_units,6,[0  0  0  0  0  0  1.0  0  0  0  0  0  0  0  0  0  0  0  0  0  0  0  0  0  0  0  0] ,54.116874_10.000076.jpg,12851
54.059831,10.009996,353.333704209,industrial_commercial_public_military_and_private_units,6,[0  0  0  0  0  0  1.0  0  0  0  0  0  0  0  0  0  0  0  0  0  0  0  0  0  0  0  0] ,54.059831_10.009996.jpg,13921
54.061388,10.002144,201.140766004,industrial_commercial_public_military_and_private_units,6,[0  0  0  0  0  0  1.0  0  0  0  0  0  0  0  0  0  0  0  0  0  0  0  0  0  0  0  0] ,54.061388_10.002144.jpg,12375
54.042178,10.001807,62.3970516645,industrial_commercial_public_military_and_private_units,6,[0  0  0  0  0  0  1.0  0  0  0  0  0  0  0  0  0  0  0  0  0  0  0  0  0  0  0  0] ,54.042178_10.001807.jpg,10281
54.049683,9.998003,143.573541461,industrial_commercial_public_military_and_private_units,6,[0  0  0  0  0  0  1.0  0  0  0  0  0  0  0  0  0  0  0  0  0  0  0  0  0  0  0  0] ,54.049683_9.998003.jpg,11286
54.086494,10.004322,173.502037569,industrial_commercial_public_military_and_private_units,6,[0  0  0  0  0  0  1.0  0  0  0  0  0  0  0  0  0  0  0  0  0  0  0  0  0  0  0  0] ,54.086494_10.004322.jpg,11676
54.127297,9.989323,324.930869632,industrial_commercial_public_military_and_private_units,6,[0  0  0  0  0  0  1.0  0  0  0  0  0  0  0  0  0  0  0  0  0  0  0  0  0  0  0  0] ,54.127297_9.989323.jpg,13021
54.070837,9.985120,484.310576165,industrial_commercial_public_military_and_private_units,6,[0  0  0  0  0  0  1.0  0  0  0  0  0  0  0  0  0  0  0  0  0  0  0  0  0  0  0  0] ,54.070837_9.985120.jpg,13989
54.102369,9.986979,206.785505321,industrial_commercial_public_military_and_private_units,6,[0  0  0  0  0  0  1.0  0  0  0  0  0  0  0  0  0  0  0  0  0  0  0  0  0  0  0  0] ,54.102369_9.986979.jpg,13801
54.105202,9.990424,274.671451151,industrial_commercial_public_military_and_private_units,6,[0  0  0  0  0  0  1.0  0  0  0  0  0  0  0  0  0  0  0  0  0  0  0  0  0  0  0  0] ,54.105202_9.990424.jpg,12153
54.110952,9.988327,27.1734508811,industrial_commercial_public_military_and_private_units,6,[0  0  0  0  0  0  1.0  0  0  0  0  0  0  0  0  0  0  0  0  0  0  0  0  0  0  0  0] ,54.110952_9.988327.jpg,9684
54.119152,9.997865,210.378107871,industrial_commercial_public_military_and_private_units,6,[0  0  0  0  0  0  1.0  0  0  0  0  0  0  0  0  0  0  0  0  0  0  0  0  0  0  0  0] ,54.119152_9.997865.jpg,13198
54.082562,9.990330,492.830915444,industrial_commercial_public_military_and_private_units,6,[0  0  0  0  0  0  1.0  0  0  0  0  0  0  0  0  0  0  0  0  0  0  0  0  0  0  0  0] ,54.082562_9.990330.jpg,14639
54.084112,9.989718,477.830818539,industrial_commercial_public_military_and_private_units,6,[0  0  0  0  0  0  1.0  0  0  0  0  0  0  0  0  0  0  0  0  0  0  0  0  0  0  0  0] ,54.084112_9.989718.jpg,13074
54.094171,9.987155,234.923142398,industrial_commercial_public_military_and_private_units,6,[0  0  0  0  0  0  1.0  0  0  0  0  0  0  0  0  0  0  0  0  0  0  0  0  0  0  0  0] ,54.094171_9.987155.jpg,13374
54.042621,9.989410,62.7136097053,industrial_commercial_public_military_and_private_units,6,[0  0  0  0  0  0  1.0  0  0  0  0  0  0  0  0  0  0  0  0  0  0  0  0  0  0  0  0] ,54.042621_9.989410.jpg,12913
54.044514,9.987711,67.2661701754,industrial_commercial_public_military_and_private_units,6,[0  0  0  0  0  0  1.0  0  0  0  0  0  0  0  0  0  0  0  0  0  0  0  0  0  0  0  0] ,54.044514_9.987711.jpg,12429
54.046545,9.990425,60.8852439008,industrial_commercial_public_military_and_private_units,6,[0  0  0  0  0  0  1.0  0  0  0  0  0  0  0  0  0  0  0  0  0  0  0  0  0  0  0  0] ,54.046545_9.990425.jpg,12724
54.047015,9.997908,48.6588126459,industrial_commercial_public_military_and_private_units,6,[0  0  0  0  0  0  1.0  0  0  0  0  0  0  0  0  0  0  0  0  0  0  0  0  0  0  0  0] ,54.047015_9.997908.jpg,11288
54.049825,9.990405,131.385703803,industrial_commercial_public_military_and_private_units,6,[0  0  0  0  0  0  1.0  0  0  0  0  0  0  0  0  0  0  0  0  0  0  0  0  0  0  0  0] ,54.049825_9.990405.jpg,12454
54.058272,9.989907,264.061196646,industrial_commercial_public_military_and_private_units,6,[0  0  0  0  0  0  1.0  0  0  0  0  0  0  0  0  0  0  0  0  0  0  0  0  0  0  0  0] ,54.058272_9.989907.jpg,13291
54.060435,9.989954,413.248352738,industrial_commercial_public_military_and_private_units,6,[0  0  0  0  0  0  1.0  0  0  0  0  0  0  0  0  0  0  0  0  0  0  0  0  0  0  0  0] ,54.060435_9.989954.jpg,13987
54.044950,9.979433,154.181757835,industrial_commercial_public_military_and_private_units,6,[0  0  0  0  0  0  1.0  0  0  0  0  0  0  0  0  0  0  0  0  0  0  0  0  0  0  0  0] ,54.044950_9.979433.jpg,13619
54.047708,9.977221,446.402671071,industrial_commercial_public_military_and_private_units,6,[0  0  0  0  0  0  1.0  0  0  0  0  0  0  0  0  0  0  0  0  0  0  0  0  0  0  0  0] ,54.047708_9.977221.jpg,12401
54.049966,9.982148,288.751530249,industrial_commercial_public_military_and_private_units,6,[0  0  0  0  0  0  1.0  0  0  0  0  0  0  0  0  0  0  0  0  0  0  0  0  0  0  0  0] ,54.049966_9.982148.jpg,12418
54.059852,9.978586,300.989692332,industrial_commercial_public_military_and_private_units,6,[0  0  0  0  0  0  1.0  0  0  0  0  0  0  0  0  0  0  0  0  0  0  0  0  0  0  0  0] ,54.059852_9.978586.jpg,12620
54.062445,9.970431,275.426944215,industrial_commercial_public_military_and_private_units,6,[0  0  0  0  0  0  1.0  0  0  0  0  0  0  0  0  0  0  0  0  0  0  0  0  0  0  0  0] ,54.062445_9.970431.jpg,13324
54.078107,9.963908,787.824781767,industrial_commercial_public_military_and_private_units,6,[0  0  0  0  0  0  1.0  0  0  0  0  0  0  0  0  0  0  0  0  0  0  0  0  0  0  0  0] ,54.078107_9.963908.jpg,12714
54.082260,9.966138,140.703800208,industrial_commercial_public_military_and_private_units,6,[0  0  0  0  0  0  1.0  0  0  0  0  0  0  0  0  0  0  0  0  0  0  0  0  0  0  0  0] ,54.082260_9.966138.jpg,11925
54.085594,9.975626,222.057706649,industrial_commercial_public_military_and_private_units,6,[0  0  0  0  0  0  1.0  0  0  0  0  0  0  0  0  0  0  0  0  0  0  0  0  0  0  0  0] ,54.085594_9.975626.jpg,10798
54.086832,9.978741,255.52475868,industrial_commercial_public_military_and_private_units,6,[0  0  0  0  0  0  1.0  0  0  0  0  0  0  0  0  0  0  0  0  0  0  0  0  0  0  0  0] ,54.086832_9.978741.jpg,11490
54.093095,9.977953,173.174735366,industrial_commercial_public_military_and_private_units,6,[0  0  0  0  0  0  1.0  0  0  0  0  0  0  0  0  0  0  0  0  0  0  0  0  0  0  0  0] ,54.093095_9.977953.jpg,16444
54.100078,9.982689,138.169274297,industrial_commercial_public_military_and_private_units,6,[0  0  0  0  0  0  1.0  0  0  0  0  0  0  0  0  0  0  0  0  0  0  0  0  0  0  0  0] ,54.100078_9.982689.jpg,11212
54.102584,9.977891,150.48460155,industrial_commercial_public_military_and_private_units,6,[0  0  0  0  0  0  1.0  0  0  0  0  0  0  0  0  0  0  0  0  0  0  0  0  0  0  0  0] ,54.102584_9.977891.jpg,12203
54.104146,9.965361,200.29773807,industrial_commercial_public_military_and_private_units,6,[0  0  0  0  0  0  1.0  0  0  0  0  0  0  0  0  0  0  0  0  0  0  0  0  0  0  0  0] ,54.104146_9.965361.jpg,13686
54.106446,9.969659,192.81855147,industrial_commercial_public_military_and_private_units,6,[0  0  0  0  0  0  1.0  0  0  0  0  0  0  0  0  0  0  0  0  0  0  0  0  0  0  0  0] ,54.106446_9.969659.jpg,13164
54.070649,9.940551,187.880191527,industrial_commercial_public_military_and_private_units,6,[0  0  0  0  0  0  1.0  0  0  0  0  0  0  0  0  0  0  0  0  0  0  0  0  0  0  0  0] ,54.070649_9.940551.jpg,13165
54.074291,9.939390,154.409615872,industrial_commercial_public_military_and_private_units,6,[0  0  0  0  0  0  1.0  0  0  0  0  0  0  0  0  0  0  0  0  0  0  0  0  0  0  0  0] ,54.074291_9.939390.jpg,11170
54.063664,9.932646,65.0499863309,industrial_commercial_public_military_and_private_units,6,[0  0  0  0  0  0  1.0  0  0  0  0  0  0  0  0  0  0  0  0  0  0  0  0  0  0  0  0] ,54.063664_9.932646.jpg,13695
54.066353,9.962384,339.97466139,industrial_commercial_public_military_and_private_units,6,[0  0  0  0  0  0  1.0  0  0  0  0  0  0  0  0  0  0  0  0  0  0  0  0  0  0  0  0] ,54.066353_9.962384.jpg,12804
54.030118,9.948778,0.0,mineral_extraction_and_dump_sites,9,[0  0  0  0  0  0  0  0  0  1.0  0  0  0  0  0  0  0  0  0  0  0  0  0  0  0  0  0] ,54.030118_9.948778.jpg,8546
54.091466,9.983286,99.3374776669,sports_and_leisure_facilities,13,[0  0  0  0  0  0  0  0  0  0  0  0  0  1.0  0  0  0  0  0  0  0  0  0  0  0  0  0] ,54.091466_9.983286.jpg,13077
54.067579,9.950541,106.680085842,sports_and_leisure_facilities,13,[0  0  0  0  0  0  0  0  0  0  0  0  0  1.0  0  0  0  0  0  0  0  0  0  0  0  0  0] ,54.067579_9.950541.jpg,14609
54.072564,9.954176,162.261317306,sports_and_leisure_facilities,13,[0  0  0  0  0  0  0  0  0  0  0  0  0  1.0  0  0  0  0  0  0  0  0  0  0  0  0  0] ,54.072564_9.954176.jpg,15858
54.088134,9.958989,44.2082463335,sports_and_leisure_facilities,13,[0  0  0  0  0  0  0  0  0  0  0  0  0  1.0  0  0  0  0  0  0  0  0  0  0  0  0  0] ,54.088134_9.958989.jpg,8848
54.057087,10.004346,105.009246685,sports_and_leisure_facilities,13,[0  0  0  0  0  0  0  0  0  0  0  0  0  1.0  0  0  0  0  0  0  0  0  0  0  0  0  0] ,54.057087_10.004346.jpg,14236
54.057666,9.998973,214.569525783,sports_and_leisure_facilities,13,[0  0  0  0  0  0  0  0  0  0  0  0  0  1.0  0  0  0  0  0  0  0  0  0  0  0  0  0] ,54.057666_9.998973.jpg,10692
54.088409,10.014819,97.4584833348,sports_and_leisure_facilities,13,[0  0  0  0  0  0  0  0  0  0  0  0  0  1.0  0  0  0  0  0  0  0  0  0  0  0  0  0] ,54.088409_10.014819.jpg,12869
54.082932,10.008266,73.0238388958,sports_and_leisure_facilities,13,[0  0  0  0  0  0  0  0  0  0  0  0  0  1.0  0  0  0  0  0  0  0  0  0  0  0  0  0] ,54.082932_10.008266.jpg,12561
54.126969,9.983769,120.597773419,sports_and_leisure_facilities,13,[0  0  0  0  0  0  0  0  0  0  0  0  0  1.0  0  0  0  0  0  0  0  0  0  0  0  0  0] ,54.126969_9.983769.jpg,8950
54.055931,9.994690,165.854307581,sports_and_leisure_facilities,13,[0  0  0  0  0  0  0  0  0  0  0  0  0  1.0  0  0  0  0  0  0  0  0  0  0  0  0  0] ,54.055931_9.994690.jpg,14732
54.072020,9.950165,109.7540819,sports_and_leisure_facilities,13,[0  0  0  0  0  0  0  0  0  0  0  0  0  1.0  0  0  0  0  0  0  0  0  0  0  0  0  0] ,54.072020_9.950165.jpg,14661
54.081753,9.957781,199.101127809,sports_and_leisure_facilities,13,[0  0  0  0  0  0  0  0  0  0  0  0  0  1.0  0  0  0  0  0  0  0  0  0  0  0  0  0] ,54.081753_9.957781.jpg,8584
54.087703,9.959685,34.3875491118,sports_and_leisure_facilities,13,[0  0  0  0  0  0  0  0  0  0  0  0  0  1.0  0  0  0  0  0  0  0  0  0  0  0  0  0] ,54.087703_9.959685.jpg,9406
54.129603,10.018654,0.0,wetlands,21,[0  0  0  0  0  0  0  0  0  0  0  0  0  0  0  0  0  0  0  0  0  1.0  0  0  0  0  0] ,54.129603_10.018654.jpg,8753
